nombre,genero
José,M
Juan,M
Carlos,M
Luis,M
Manuel,M
Francisco,M
Miguel,M
Ángel,M
Pedro,M
Jorge,M
Roberto,M
Fernando,M
Ricardo,M
Antonio,M
Rafael,M
Marco,M
Óscar,M
Julio,M
Mario,M
Héctor,M
Ramón,M
Alberto,M
Enrique,M
Sergio,M
Eduardo,M
Raúl,M
Guillermo,M
Alejandro,M
Andrés,M
Diego,M
David,M
Daniel,M
Gerardo,M
Rodrigo,M
Emilio,M
Ernesto,M
Gustavo,M
Salvador,M
Arturo,M
Efraín,M
Byron,M
Édgar,M
Freddy,M
Wilfredo,M
Marvin,M
Nelson,M
Otto,M
Rigoberto,M
Vinicio,M
Amílcar,M
Estuardo,M
Geovanny,M
Osmán,M
Elmer,M
Douglas,M
Cristian,M
Kevin,M
Bryan,M
Jefferson,M
Alexander,M
Wilmer,M
Denis,M
Josué,M
Isaí,M
Abelardo,M
Aníbal,M
Baltazar,M
Fidel,M
Gonzalo,M
Ignacio,M
Leonel,M
Mauricio,M
Orlando,M
Reinaldo,M
Rubén,M
Santiago,M
Tomás,M
Vicente,M
Aldo,M
Bernardo,M
Cornelio,M
María,F
Ana,F
Rosa,F
Carmen,F
Marta,F
Gloria,F
Patricia,F
Sandra,F
Claudia,F
Silvia,F
Verónica,F
Alejandra,F
Karla,F
Gabriela,F
Lorena,F
Wendy,F
Mayra,F
Yolanda,F
Blanca,F
Dora,F
Elsa,F
Estela,F
Flor,F
Irma,F
Julia,F
Leticia,F
Lucía,F
Magda,F
Norma,F
Olga,F
Reina,F
Sonia,F
Telma,F
Vilma,F
Xiomara,F
Zoila,F
Aracely,F
Brenda,F
Dina,F
Elba,F
Fabiola,F
Griselda,F
Heidy,F
Ingrid,F
Jackeline,F
Katherine,F
Lesbia,F
Mirna,F
Nidia,F
Odilia,F
Paola,F
Reyna,F
Sucel,F
Thelma,F
Ligia,F
Amparo,F
Beatriz,F
Concepción,F
Dolores,F
Esperanza,F
Fátima,F
Guadalupe,F
Isabel,F
Josefina,F
Manuela,F
Natalia,F
Ofelia,F
Pilar,F
Raquel,F
Susana,F
Teresa,F
Victoria,F
Yesenia,F
Alba,F
